1,Mitochondria
2,Mitochondria
3,Endoplasmic_Reticulum
4,Endoplasmic_Reticulum
5,Mitochondria
6,Mitochondria
7,Plasma_Membrane
8,Endoplasmic_Reticulum
9,Mitochondria
10,Endoplasmic_Reticulum
11,Endosomes
12,Peroxisomes
13,Endoplasmic_Reticulum
14,Actin
15,Mitochondria
16,Lysosome
17,Mitochondria
18,Mitochondria
19,Microtubules
20,Endoplasmic_Reticulum
21,Lysosome
22,Lysosome
23,Lysosome
24,Peroxisomes
25,Endoplasmic_Reticulum
26,Peroxisomes
27,Endoplasmic_Reticulum
28,Microtubules
29,Microtubules
30,Plasma_Membrane
31,Endosomes
32,Endoplasmic_Reticulum
33,Endoplasmic_Reticulum
34,Mitochondria
35,Mitochondria
36,Endoplasmic_Reticulum
37,Mitochondria
38,Endoplasmic_Reticulum
39,Plasma_Membrane
40,Mitochondria
41,Endoplasmic_Reticulum
42,Lysosome
43,Peroxisomes
44,Mitochondria
45,Endosomes
46,Endoplasmic_Reticulum
47,Endosomes
48,Plasma_Membrane
49,Peroxisomes
50,Plasma_Membrane
51,Mitochondria
52,Microtubules
53,Mitochondria
54,Mitochondria
55,Peroxisomes
56,Lysosome
57,Endoplasmic_Reticulum
58,Mitochondria
59,Plasma_Membrane
60,Endoplasmic_Reticulum
61,Endoplasmic_Reticulum
62,Endoplasmic_Reticulum
63,Endoplasmic_Reticulum
64,Endosomes
65,Mitochondria
66,Plasma_Membrane
67,Mitochondria
68,Mitochondria
69,Mitochondria
70,Mitochondria
71,Peroxisomes
72,Endoplasmic_Reticulum
73,Endoplasmic_Reticulum
74,Endoplasmic_Reticulum
75,Microtubules
76,Peroxisomes
77,Actin
78,Mitochondria
79,Endoplasmic_Reticulum
80,Mitochondria
81,Lysosome
82,Peroxisomes
83,Mitochondria
84,Lysosome
85,Mitochondria
86,Mitochondria
87,Endoplasmic_Reticulum
88,Peroxisomes
89,Mitochondria
90,Peroxisomes
91,Endoplasmic_Reticulum
92,Endoplasmic_Reticulum
93,Endoplasmic_Reticulum
94,Endoplasmic_Reticulum
95,Mitochondria
96,Mitochondria
97,Endoplasmic_Reticulum
98,Endoplasmic_Reticulum
99,Plasma_Membrane
100,Endoplasmic_Reticulum
101,Endoplasmic_Reticulum
102,Plasma_Membrane
103,Lysosome
104,Endoplasmic_Reticulum
105,Plasma_Membrane
106,Mitochondria
107,Endoplasmic_Reticulum
108,Endoplasmic_Reticulum
109,Lysosome
110,Mitochondria
111,Endoplasmic_Reticulum
112,Mitochondria
113,Endoplasmic_Reticulum
114,Plasma_Membrane
115,Endoplasmic_Reticulum
116,Endosomes
117,Endoplasmic_Reticulum
118,Endoplasmic_Reticulum
119,Lysosome
120,Endoplasmic_Reticulum
121,Mitochondria
122,Endoplasmic_Reticulum
123,Endosomes
124,Endoplasmic_Reticulum
125,Mitochondria
126,Plasma_Membrane
127,Endoplasmic_Reticulum
128,Peroxisomes
129,Plasma_Membrane
130,Endoplasmic_Reticulum
131,Endoplasmic_Reticulum
132,Endoplasmic_Reticulum
133,Endoplasmic_Reticulum
134,Endoplasmic_Reticulum
135,Mitochondria
136,Endoplasmic_Reticulum
137,Endoplasmic_Reticulum
138,Endoplasmic_Reticulum
139,Lysosome
140,Mitochondria
141,Mitochondria
142,Endoplasmic_Reticulum
143,Endoplasmic_Reticulum
144,Endoplasmic_Reticulum
145,Endosomes
146,Endoplasmic_Reticulum
147,Endoplasmic_Reticulum
148,Mitochondria
149,Mitochondria
150,Endoplasmic_Reticulum
151,Endoplasmic_Reticulum
152,Endosomes
153,Mitochondria
154,Endoplasmic_Reticulum
155,Peroxisomes
156,Mitochondria
157,Lysosome
158,Mitochondria
159,Peroxisomes
160,Mitochondria
161,Endoplasmic_Reticulum
162,Endoplasmic_Reticulum
163,Mitochondria
164,Mitochondria
165,Mitochondria
166,Lysosome
167,Peroxisomes
168,Plasma_Membrane
169,Mitochondria
170,Endoplasmic_Reticulum
171,Plasma_Membrane
172,Endoplasmic_Reticulum
173,Peroxisomes
174,Mitochondria
175,Endoplasmic_Reticulum
176,Endoplasmic_Reticulum
177,Lysosome
178,Endoplasmic_Reticulum
179,Endoplasmic_Reticulum
180,Endoplasmic_Reticulum
181,Endosomes
182,Endoplasmic_Reticulum
183,Mitochondria
184,Peroxisomes
185,Mitochondria
186,Endoplasmic_Reticulum
187,Peroxisomes
188,Microtubules
189,Plasma_Membrane
190,Endoplasmic_Reticulum
191,Endosomes
192,Endoplasmic_Reticulum
193,Mitochondria
194,Peroxisomes
195,Mitochondria
196,Endosomes
197,Microtubules
198,Endoplasmic_Reticulum
199,Lysosome
200,Lysosome
201,Plasma_Membrane
202,Actin
203,Mitochondria
204,Mitochondria
205,Endosomes
206,Endosomes
207,Peroxisomes
208,Mitochondria
209,Plasma_Membrane
210,Mitochondria
211,Endoplasmic_Reticulum
212,Plasma_Membrane
213,Plasma_Membrane
214,Endoplasmic_Reticulum
215,Lysosome
216,Endoplasmic_Reticulum
217,Microtubules
218,Endosomes
219,Peroxisomes
220,Lysosome
221,Endoplasmic_Reticulum
222,Mitochondria
223,Mitochondria
224,Endoplasmic_Reticulum
225,Peroxisomes
226,Mitochondria
227,Actin
228,Endoplasmic_Reticulum
229,Plasma_Membrane
230,Plasma_Membrane
231,Endosomes
232,Endoplasmic_Reticulum
233,Mitochondria
234,Endoplasmic_Reticulum
235,Endoplasmic_Reticulum
236,Plasma_Membrane
237,Endoplasmic_Reticulum
238,Endoplasmic_Reticulum
239,Microtubules
240,Lysosome
241,Mitochondria
242,Mitochondria
243,Mitochondria
244,Mitochondria
245,Endoplasmic_Reticulum
246,Endoplasmic_Reticulum
247,Peroxisomes
248,Endoplasmic_Reticulum
249,Endoplasmic_Reticulum
250,Mitochondria
