1,Lysosome
2,Endoplasmic_Reticulum
3,Endosomes
4,Endoplasmic_Reticulum
5,Plasma_Membrane
6,Mitochondria
7,Endoplasmic_Reticulum
8,Endoplasmic_Reticulum
9,Endoplasmic_Reticulum
10,Endoplasmic_Reticulum
11,Endosomes
12,Peroxisomes
13,Endoplasmic_Reticulum
14,Actin
15,Mitochondria
16,Endosomes
17,Lysosome
18,Mitochondria
19,Microtubules
20,Endoplasmic_Reticulum
21,Lysosome
22,Lysosome
23,Lysosome
24,Peroxisomes
25,Lysosome
26,Peroxisomes
27,Lysosome
28,Endosomes
29,Peroxisomes
30,Endoplasmic_Reticulum
31,Lysosome
32,Endoplasmic_Reticulum
33,Endosomes
34,Mitochondria
35,Lysosome
36,Endoplasmic_Reticulum
37,Actin
38,Endoplasmic_Reticulum
39,Plasma_Membrane
40,Mitochondria
41,Endosomes
42,Lysosome
43,Lysosome
44,Lysosome
45,Endosomes
46,Endoplasmic_Reticulum
47,Endosomes
48,Plasma_Membrane
49,Peroxisomes
50,Endoplasmic_Reticulum
51,Lysosome
52,Plasma_Membrane
53,Endoplasmic_Reticulum
54,Endoplasmic_Reticulum
55,Peroxisomes
56,Endosomes
57,Endoplasmic_Reticulum
58,Microtubules
59,Endoplasmic_Reticulum
60,Endoplasmic_Reticulum
61,Endoplasmic_Reticulum
62,Endoplasmic_Reticulum
63,Endosomes
64,Endosomes
65,Endoplasmic_Reticulum
66,Plasma_Membrane
67,Mitochondria
68,Mitochondria
69,Plasma_Membrane
70,Mitochondria
71,Peroxisomes
72,Endosomes
73,Endosomes
74,Endoplasmic_Reticulum
75,Endoplasmic_Reticulum
76,Peroxisomes
77,Actin
78,Mitochondria
79,Lysosome
80,Endosomes
81,Endoplasmic_Reticulum
82,Plasma_Membrane
83,Endoplasmic_Reticulum
84,Lysosome
85,Mitochondria
86,Mitochondria
87,Peroxisomes
88,Lysosome
89,Mitochondria
90,Peroxisomes
91,Plasma_Membrane
92,Endoplasmic_Reticulum
93,Endoplasmic_Reticulum
94,Endoplasmic_Reticulum
95,Mitochondria
96,Plasma_Membrane
97,Lysosome
98,Endosomes
99,Plasma_Membrane
100,Endoplasmic_Reticulum
101,Endoplasmic_Reticulum
102,Endosomes
103,Lysosome
104,Endoplasmic_Reticulum
105,Plasma_Membrane
106,Mitochondria
107,Endoplasmic_Reticulum
108,Endoplasmic_Reticulum
109,Lysosome
110,Mitochondria
111,Plasma_Membrane
112,Mitochondria
113,Endoplasmic_Reticulum
114,Plasma_Membrane
115,Lysosome
116,Endosomes
117,Endoplasmic_Reticulum
118,Peroxisomes
119,Lysosome
120,Endoplasmic_Reticulum
121,Mitochondria
122,Plasma_Membrane
123,Endosomes
124,Endoplasmic_Reticulum
125,Lysosome
126,Plasma_Membrane
127,Endoplasmic_Reticulum
128,Peroxisomes
129,Plasma_Membrane
130,Lysosome
131,Mitochondria
132,Endoplasmic_Reticulum
133,Lysosome
134,Endoplasmic_Reticulum
135,Mitochondria
136,Endoplasmic_Reticulum
137,Endoplasmic_Reticulum
138,Endosomes
139,Endosomes
140,Endoplasmic_Reticulum
141,Mitochondria
142,Endosomes
143,Endosomes
144,Endosomes
145,Endosomes
146,Endoplasmic_Reticulum
147,Endosomes
148,Mitochondria
149,Endoplasmic_Reticulum
150,Mitochondria
151,Endoplasmic_Reticulum
152,Endosomes
153,Mitochondria
154,Endoplasmic_Reticulum
155,Peroxisomes
156,Mitochondria
157,Endosomes
158,Mitochondria
159,Endosomes
160,Endoplasmic_Reticulum
161,Mitochondria
162,Endoplasmic_Reticulum
163,Mitochondria
164,Endoplasmic_Reticulum
165,Mitochondria
166,Endosomes
167,Plasma_Membrane
168,Plasma_Membrane
169,Mitochondria
170,Endoplasmic_Reticulum
171,Plasma_Membrane
172,Endoplasmic_Reticulum
173,Peroxisomes
174,Mitochondria
175,Endosomes
176,Endoplasmic_Reticulum
177,Lysosome
178,Endoplasmic_Reticulum
179,Plasma_Membrane
180,Endosomes
181,Endosomes
182,Endoplasmic_Reticulum
183,Mitochondria
184,Peroxisomes
185,Endoplasmic_Reticulum
186,Endoplasmic_Reticulum
187,Peroxisomes
188,Microtubules
189,Plasma_Membrane
190,Endoplasmic_Reticulum
191,Endosomes
192,Endoplasmic_Reticulum
193,Mitochondria
194,Endoplasmic_Reticulum
195,Endoplasmic_Reticulum
196,Endosomes
197,Microtubules
198,Peroxisomes
199,Lysosome
200,Endoplasmic_Reticulum
201,Plasma_Membrane
202,Actin
203,Mitochondria
204,Mitochondria
205,Endosomes
206,Endosomes
207,Plasma_Membrane
208,Endoplasmic_Reticulum
209,Plasma_Membrane
210,Endoplasmic_Reticulum
211,Lysosome
212,Plasma_Membrane
213,Plasma_Membrane
214,Lysosome
215,Lysosome
216,Plasma_Membrane
217,Mitochondria
218,Endosomes
219,Endoplasmic_Reticulum
220,Lysosome
221,Endosomes
222,Lysosome
223,Lysosome
224,Endosomes
225,Peroxisomes
226,Mitochondria
227,Actin
228,Endoplasmic_Reticulum
229,Plasma_Membrane
230,Plasma_Membrane
231,Endosomes
232,Endoplasmic_Reticulum
233,Mitochondria
234,Plasma_Membrane
235,Lysosome
236,Peroxisomes
237,Endoplasmic_Reticulum
238,Endoplasmic_Reticulum
239,Endosomes
240,Lysosome
241,Lysosome
242,Mitochondria
243,Mitochondria
244,Mitochondria
245,Endoplasmic_Reticulum
246,Endoplasmic_Reticulum
247,Plasma_Membrane
248,Endoplasmic_Reticulum
249,Endoplasmic_Reticulum
250,Mitochondria
